income_bin_start,income_bin_end,median_emp_length
445.0,43000.0,4.0
43000.0,59500.0,6.0
59500.0,75000.0,7.0
75000.0,104514.00000000006,7.0
104514.00000000006,6500031.0,7.0
